{
  "sscScienceSubjects": [
    {
      "BanglaFirstPaper": {
        "গদ্য": [
          "শুভা",
          "বইপড়া",
          "আম-আঁটির ভেঁপু",
          "মানব ধর্ম",
          "শিক্ষা ও মনুষ্যত্ব"
        ],
        "পদ্য": [
          "বঙ্গবাণী",
          "কপোতাক্ষ নদ",
          "জীবন সঙ্গীত",
          "পল্লী জননী",
          "তোমাকে পাওয়ার জন্য, হে স্বাধীনতা"
        ],
        "উপন্যাস": [
          "কাকতাড়ুয়া - মূলভাব, চরিত্র, ঘটনা"
        ],
        "নাটক": [
          "বহিপীর - মূলভাব, চরিত্র, ঘটনা"
        ]
      }
    },
    {
      "BanglaSecondPaper": {
        "ব্যাকরণ": [
          "ধ্বনি ও বর্ণ",
          "সন্ধি",
          "সমাস",
          "উপসর্গ",
          "প্রত্যয়",
          "বাক্য প্রকরণ",
          "কারক ও বিভক্তি"
        ],
        "নির্মিতি": [
          "ভাবসম্প্রসারণ",
          "সারাংশ/সারমর্ম",
          "প্রবন্ধ রচনা",
          "পত্র লিখন/আবেদনপত্র",
          "প্রতিবেদন লিখন"
        ]
      }
    },
    {
      "EnglishFirstPaper": {
        "ReadingTest": [
          "Unseen Passage (Information Transfer, Summarizing)",
          "Seen Passage (MCQ, Answering Questions)"
        ],
        "WritingTest": [
          "Paragraph Writing",
          "Completing Story",
          "Email Writing",
          "Dialogue Writing",
          "Graph/Chart Description"
        ]
      }
    },
    {
      "EnglishSecondPaper": {
        "Grammar": [
          "Articles",
          "Prepositions",
          "Right Forms of Verbs",
          "Narration",
          "Transformation of Sentences",
          "Tag Questions",
          "Punctuation"
        ],
        "Composition": [
          "CV Writing with Cover Letter",
          "Formal Letter Writing",
          "Paragraph Writing",
          "Composition Writing"
        ]
      }
    },
    {
      "Mathematics": {
        "SetAndFunction": [
          "Set Operations",
          "Types of Functions"
        ],
        "AlgebraicExpressions": [
          "Factorization",
          "Rational Fractions",
          "Equations"
        ],
        "Geometry": [
          "Theorems on Circles",
          "Construction",
          "Solid Geometry (Prism, Pyramid)"
        ],
        "Trigonometry": [
          "Trigonometric Ratios",
          "Heights and Distances"
        ],
        "Statistics": [
          "Measures of Central Tendency",
          "Measures of Dispersion",
          "Frequency Distribution"
        ]
      }
    },
    {
      "Physics": {
        "PhysicalQuantitiesAndMeasurement": [
          "Units",
          "Measurement Tools"
        ],
        "Motion": [
          "Velocity",
          "Acceleration",
          "Equations of Motion"
        ],
        "Force": [
          "Newton's Laws",
          "Friction",
          "Work, Power, Energy"
        ],
        "Light": [
          "Reflection",
          "Refraction",
          "Lenses"
        ],
        "ElectricityAndMagnetism": [
          "Ohm's Law",
          "Circuits",
          "Magnetic Fields"
        ]
      }
    },
    {
      "Chemistry": {
        "ConceptOfChemistry": [
          "Branches of Chemistry",
          "Importance"
        ],
        "StatesOfMatter": [
          "Gas Laws",
          "Phase Changes"
        ],
        "StructureOfAtom": [
          "Atomic Models",
          "Electronic Configuration"
        ],
        "ChemicalBonding": [
          "Ionic Bond",
          "Covalent Bond"
        ],
        "AcidsBasesAndSalts": [
          "pH Scale",
          "Neutralization"
        ]
      }
    },
    {
      "Biology": {
        "LifeAndItsDiversity": [
          "Classification of Organisms"
        ],
        "CellAndTissue": [
          "Cell Structure",
          "Types of Tissues"
        ],
        "Nutrition": [
          "Digestion",
          "Vitamins"
        ],
        "Respiration": [
          "Aerobic Respiration",
          "Anaerobic Respiration"
        ],
        "Reproduction": [
          "Sexual Reproduction",
          "Asexual Reproduction"
        ]
      }
    },
    {
      "HigherMathematics": {
        "Algebra": [
          "Polynomials",
          "Partial Fractions",
          "Sequence and Series"
        ],
        "Geometry": [
          "Coordinate Geometry",
          "Vectors"
        ],
        "Trigonometry": [
          "Compound Angles",
          "General Solutions"
        ],
        "Probability": [
          "Basic Probability",
          "Conditional Probability"
        ]
      }
    },
    {
      "InformationAndCommunicationTechnologyICT": {
        "InformationAndCommunicationTechnologyAndOurBangladesh": [
          "ICT in daily life",
          "Digital Bangladesh"
        ],
        "ComputerAndComputerUserSecurity": [
          "Malware",
          "Cybercrime"
        ],
        "MyEducationAndInternet": [
          "Online learning resources"
        ],
        "MyLifeAndICT": [
          "Impact of ICT on society"
        ],
        "UseOfMultimedia": [
          "Graphics",
          "Animation"
        ],
        "Database": [
          "Introduction to Database",
          "Data types"
        ]
      }
    }
  ]
}